{
  "q_table": {
    "((0, 0), (4, 4), ())": {
      "4": 5.02598570233217,
      "1": 5.908452224152711,
      "0": 6.15954054009792,
      "3": 6.380040067722246,
      "2": 5.80589731319857
    },
    "((0, 1), (4, 4), ())": {
      "0": 4.036391355068872,
      "1": 4.738704272238281,
      "4": 3.98670253230992,
      "2": 5.135522640381595,
      "3": 6.80976514564137
    },
    "((0, 2), (4, 4), ())": {
      "2": 4.356951024462221,
      "0": 2.0623169957693186,
      "3": 7.188998747531568,
      "4": 2.0161340356124287,
      "1": 3.1679668384845137
    },
    "((0, 3), (4, 4), ())": {
      "2": 1.0446829978939332,
      "4": -0.738342832315156,
      "3": 1.2331475497454365,
      "1": 3.446777944661552,
      "0": 6.168675945497902
    },
    "((1, 3), (4, 4), ())": {
      "1": 5.165870953675045,
      "0": 8.061269775584773,
      "2": 4.241192153919137,
      "3": 6.901290750223084,
      "4": 3.602046105100114
    },
    "((1, 2), (4, 4), ())": {
      "3": 7.7740747042451,
      "1": 6.678095290972672,
      "2": 6.378441556394651,
      "0": 7.377282165505024,
      "4": 6.31951055922259
    },
    "((2, 2), (4, 4), ())": {
      "4": 6.849666172572937,
      "3": 8.288499922827478,
      "0": 8.234463066048358,
      "1": 7.070836198903682,
      "2": 7.226879844628376
    },
    "((3, 2), (4, 4), ())": {
      "1": 7.770713858014557,
      "3": 8.829999995371248,
      "4": 7.382017939639753,
      "0": 8.826646106403814,
      "2": 7.630741656100022
    },
    "((3, 1), (4, 4), ())": {
      "2": 7.066166637434543,
      "4": 6.82628564516081,
      "1": 6.6058347599303175,
      "3": 6.550590581165485,
      "0": 8.288497223672852
    },
    "((2, 1), (4, 4), ())": {
      "2": 6.000459184248673,
      "4": 6.0002020188971255,
      "3": 7.773861525062504,
      "1": 5.301251658114492,
      "0": 7.630209287416936
    },
    "((1, 1), (4, 4), ())": {
      "3": 7.237434745160823,
      "2": 6.139114873079899,
      "1": 6.313105817154126,
      "0": 7.285370099695086,
      "4": 5.877542169134469
    },
    "((1, 0), (4, 4), ())": {
      "2": 5.882046153562077,
      "3": 6.7429281206409435,
      "4": 5.454515777992333,
      "0": 6.821099002664855,
      "1": 6.31156450694794
    },
    "((2, 0), (4, 4), ())": {
      "2": 3.3873714940798214,
      "3": 6.376273093373262,
      "1": 4.376692764237515,
      "0": 7.271913314908039,
      "4": 5.213286364411222
    },
    "((3, 0), (4, 4), ())": {
      "0": 7.738690063732442,
      "1": 4.662991508720032,
      "4": 4.226231885398601,
      "3": 3.137963708265084,
      "2": 4.937659938423653
    },
    "((4, 0), (4, 4), ())": {
      "4": 1.8123447323230453,
      "0": 2.2946246338114746,
      "1": 2.2371051321113327,
      "3": 1.9471757699040304,
      "2": 6.46164043190279
    },
    "((4, 1), (4, 4), ())": {
      "2": 5.717860949254874,
      "1": 3.7944920939388513,
      "4": 5.256580738859002,
      "3": 5.083044839904825,
      "0": 8.789725310732043
    },
    "((4, 2), (4, 4), ())": {
      "0": 9.399999999006313,
      "4": 7.919512051311125,
      "3": 8.823911770600693,
      "1": 8.057670319787103,
      "2": 8.27603310745639
    },
    "((4, 3), (4, 4), ())": {
      "3": 9.36536592942995,
      "4": 8.45826395990106,
      "2": 8.713914858869662,
      "1": 8.748231734520807,
      "0": 9.99999999982502
    },
    "((3, 3), (4, 4), ())": {
      "0": 9.399993271004867,
      "4": 7.723023023852632,
      "2": 7.900188472630821,
      "3": 9.272145695506763,
      "1": 7.845504367067299
    },
    "((3, 4), (4, 4), ())": {
      "3": 9.999999927629945,
      "0": 9.305452919379585,
      "2": 8.581064479642539,
      "4": 8.280266038380864,
      "1": 8.612264989844297
    },
    "((2, 3), (4, 4), ())": {
      "2": 4.545355848814435,
      "1": 6.1792798828450595,
      "3": 8.82678811474808,
      "0": 8.67582939307638,
      "4": 6.112519813747632
    },
    "((1, 4), (4, 4), ())": {
      "3": 8.815571761762586,
      "2": 4.243568150665453,
      "1": 6.16163897711125,
      "4": 5.926657653405629,
      "0": 6.134597265934875
    },
    "((2, 4), (4, 4), ())": {
      "4": 7.459935127647506,
      "2": 7.576995621042515,
      "0": 8.614587941686699,
      "1": 7.655365567174378,
      "3": 9.399075424262472
    },
    "((0, 4), (4, 4), ())": {
      "3": 7.87797298788516,
      "0": 4.130742423051353,
      "2": 4.149501990295784,
      "4": 2.308291740919675,
      "1": 2.4005801426547078
    }
  },
  "learning_rate": 0.2,
  "discount_factor": 0.95,
  "epsilon": 0.3669578217261671
}